time,pelvis_tilt,pelvis_list,pelvis_rotation,pelvis_tx,pelvis_ty,pelvis_tz,hip_flexion_r,hip_adduction_r,hip_rotation_r,knee_angle_r,ankle_angle_r,subtalar_angle_r,mtp_angle_r,hip_flexion_l,hip_adduction_l,hip_rotation_l,knee_angle_l,ankle_angle_l,subtalar_angle_l,mtp_angle_l,lumbar_extension,lumbar_bending,lumbar_rotation
0.5,6.96208157,0.53362984,-0.18393478,0.59204793,1.03683314,-0.02114979,15.92361142,-4.41919984,-11.41261024,-17.71548647,-0.04684768,0.00000056,0,-17.41829478,3.78708627,0.90213501,-1.77644082,7.63098698,0.00000356,0,-25.02839712,-2.12847979,-5.91247224
0.51666667,6.96000225,1.16691156,-0.11789946,0.59097785,1.03310214,-0.02033584,15.39064465,-4.5095677,-10.59664206,-11.71218321,-0.2013623,0.00000105,0,-18.89588658,4.34258704,1.26060154,-1.12327166,8.0907762,0.00000349,0,-25.034998,-2.65041728,-6.22608869
0.53333333,6.92119249,1.79820603,0.15299593,0.59016627,1.02904348,-0.01980368,14.91377974,-4.7593278,-9.42649895,-6.4540792,0.02771066,0.00000152,0,-20.25049485,4.81019313,1.85554857,-0.67924756,8.62356048,0.00000339,0,-24.97354182,-3.09527524,-6.42257471
0.55,6.90147036,2.39168529,0.03602137,0.58985353,1.02494273,-0.01888499,14.51007226,-5.02177448,-7.66925297,-2.0680327,0.44946515,0.00000174,0,-21.64808455,5.35475448,2.09895851,-0.25947147,9.08603001,0.00000351,0,-24.89213308,-3.50551005,-6.5033464
0.56666667,6.9058658,2.8184934,-0.01248081,0.5890949,1.02099961,-0.01812815,14.42124268,-5.27292415,-6.07207392,0.74309778,1.08783545,0.00000172,0,-22.86211005,5.70024173,2.41883337,-0.22069266,9.6702444,0.0000036,0,-24.89448364,-3.73378575,-6.36707964
0.58333333,6.82861878,3.13827769,0.61792218,0.58759211,1.01755789,-0.01794836,14.51199094,-5.61614381,-5.61779286,2.20108064,1.46546908,0.00000181,0,-23.51722743,5.66175434,3.27092655,-1.05438879,10.52618248,0.00000389,0,-25.05772527,-3.51114489,-6.64932969
0.6,6.83433269,3.10713283,0.65993334,0.58833232,1.01481868,-0.01605105,14.72207368,-5.39715733,-5.1060259,2.12790931,1.65511598,0.00000165,0,-24.47507414,5.40177626,3.47943769,-1.66103165,11.092298,0.00000416,0,-24.90933912,-3.26208055,-6.4592403
0.61666667,6.79092698,2.79874227,0.92407072,0.58900074,1.01256074,-0.01363707,15.25323592,-4.91071907,-5.23099212,0.54173177,1.32058624,0.00000141,0,-25.05666437,4.73909787,3.7071048,-2.85087914,11.77818314,0.00000474,0,-24.88099591,-2.66395191,-6.47937645
0.63333333,6.74646694,2.72563835,1.44900752,0.59000098,1.01106488,-0.01122993,15.87455393,-4.751951,-5.72336754,-2.01053873,0.55548059,0.00000116,0,-25.42867548,4.18416359,4.2766153,-4.4124995,12.25239296,0.00000531,0,-24.8262303,-2.22991112,-6.69302261
0.65,6.63715803,2.51845094,1.92555483,0.59154126,1.00990945,-0.0082072,16.55243027,-4.45488941,-6.32224648,-4.98059273,-0.58674769,0.00000079,0,-25.61766632,3.50450541,4.74918213,-6.19173697,12.54941381,0.00000601,0,-24.62031712,-1.7275436,-6.96596542
0.66666667,6.49418782,2.39367447,2.30178891,0.59352714,1.00945612,-0.00566405,17.1433851,-4.30491116,-6.76488365,-7.93514948,-1.82262681,0.00000058,0,-25.53350226,3.03047687,5.13829645,-8.43298241,12.54219503,0.00000683,0,-24.32861176,-1.14397178,-7.06238032
0.68333333,6.5439937,2.28338539,2.41360873,0.5951662,1.00978397,-0.0028225,17.69863154,-4.1497617,-6.88124375,-11.30745806,-2.52884114,0.00000051,0,-25.25919992,2.71626571,5.22337015,-11.36753963,12.23559366,0.00000788,0,-24.21114645,-0.60995461,-6.88206326
0.7,6.77568301,1.96872394,2.73416731,0.59847696,1.01120503,-0.00043542,17.72504182,-3.8645654,-7.12856508,-14.44225264,-2.64312282,0.00000046,0,-24.88372357,2.12872262,5.28132996,-14.90075962,11.42837194,0.0000091,0,-24.30166035,0.15524385,-6.90022573
0.71666667,6.99921275,1.71645369,2.98274438,0.60140722,1.01308053,0.00194462,17.31489888,-3.61148102,-7.27999785,-16.73031603,-2.57215725,0.00000044,0,-23.8564828,1.66028602,5.00468938,-19.46769877,10.13601302,0.0000108,0,-24.27009184,0.97990843,-6.95952294
0.73333333,6.99384397,1.61443779,3.1896811,0.60344034,1.01465831,0.0049704,17.08805629,-3.48054183,-7.44119623,-18.85860754,-2.14140219,0.00000062,0,-21.57799459,1.3195255,4.22003204,-25.63858771,8.32979742,0.00001308,0,-24.07182831,1.38866856,-6.80738052
0.75,6.92138894,1.36227421,3.34708141,0.60582138,1.01652143,0.00804026,16.45695413,-3.13887775,-7.71298768,-20.13460602,-1.53032278,0.00000112,0,-18.79880679,0.67190943,2.7882398,-32.15690276,5.42485534,0.00001528,0,-23.77589764,1.95248457,-7.03245272
0.76666667,6.63649155,1.04258153,3.55262506,0.60742367,1.01814539,0.01099257,15.89913921,-2.69991964,-7.99660476,-21.06042412,-0.62120353,0.00000141,0,-15.21249573,-0.37251193,0.74265381,-39.09954505,1.57643077,0.00001741,0,-23.35403434,2.52794539,-6.71534815
0.78333333,6.37560572,0.47375066,3.75046294,0.60767928,1.01974452,0.0145462,15.06499385,-1.8893904,-8.34746227,-21.27391082,0.20136964,0.00000156,0,-11.43080319,-2.04745753,-1.56068199,-45.73144458,-2.60742236,0.00001825,0,-23.02316034,3.19889242,-6.33827279
0.8,6.20937716,-0.31302843,3.77508831,0.60791447,1.02132857,0.01833906,14.10494657,-0.75082513,-8.49733216,-21.3684616,1.19285569,0.00000154,0,-7.82344893,-4.23627998,-4.02230103,-51.74599377,-6.29769961,0.00001796,0,-22.76512704,4.01499083,-5.56156303
0.81666667,6.20629268,-1.1417093,3.94060823,0.6079869,1.02361243,0.02227647,12.57934067,0.49241249,-8.75750022,-20.63757843,1.92850972,0.00000139,0,-4.6933696,-6.46614953,-5.67402549,-56.7343755,-8.45805533,0.00001606,0,-22.53837566,4.86282267,-5.38155236
0.83333333,6.18493322,-1.61066138,4.01823613,0.60760101,1.02617859,0.02579071,11.11851449,1.35650146,-8.79311225,-19.9725521,2.68921913,0.00000127,0,-1.7378414,-8.05852876,-6.76804431,-60.92725702,-8.88537526,0.00001356,0,-22.4453634,5.23075949,-4.64634561
0.85,6.2340095,-1.93537083,3.91502057,0.60709629,1.02913243,0.02914252,9.39026595,2.10889102,-8.62352401,-18.8832809,3.23519516,0.00000106,0,0.93847375,-9.12086572,-7.42303963,-64.30144141,-7.94930922,0.00001098,0,-22.53677086,5.34040153,-3.98287845
0.86666667,6.35283876,-1.94425628,3.75007221,0.60651677,1.03231103,0.03207702,7.63751867,2.48752331,-8.33909726,-17.94538497,3.78814707,0.00000118,0,3.34958458,-9.51464897,-7.7872406,-66.80234691,-6.38598276,0.00000913,0,-22.60077563,5.17178421,-3.29077586
0.88333333,6.31117232,-1.76556751,3.62368245,0.60536416,1.03534657,0.03466717,5.87542055,2.64415714,-8.07270857,-16.57809117,4.1445303,0.00000107,0,5.87433959,-9.39101996,-7.83794294,-68.53262175,-4.79261549,0.00000822,0,-22.60549829,4.78497731,-2.87001379
0.9,6.42203085,-1.50032491,3.33537908,0.60439443,1.03830735,0.03702819,3.99315471,2.68952521,-7.61743511,-15.32693038,4.51326766,0.00000106,0,8.03242361,-8.92180417,-7.82776289,-69.44251576,-3.41830862,0.00000822,0,-22.80949389,4.23908314,-2.3530714
0.91666667,6.40689073,-1.15856852,3.14131663,0.60288914,1.04077644,0.03887382,2.27233585,2.58834735,-7.26604883,-14.05870079,4.80360808,0.0000012,0,10.21871707,-8.13954762,-7.58192309,-69.5632274,-2.32020704,0.00000895,0,-22.81388962,3.70405317,-2.13572386
0.93333333,6.3936683,-0.80531264,2.88845901,0.60171697,1.04304227,0.04049703,0.44930579,2.44505836,-6.91677596,-12.60922178,4.99195049,0.00000131,0,12.15212536,-7.17134762,-7.22477621,-68.82007314,-1.48228861,0.00001002,0,-22.86736317,3.16672554,-1.35614997
0.95,6.17769035,-0.34889857,2.13010778,0.59909361,1.04419179,0.04251554,-0.66127584,2.10546284,-6.05283022,-11.93676761,5.46938509,0.00000127,0,14.11787845,-6.14011614,-7.34058763,-67.39130199,-0.81849057,0.00001091,0,-22.79163465,2.33300168,-0.64061023
0.96666667,5.99236641,-0.11602059,1.75137187,0.5967738,1.04491936,0.04374483,-1.93269696,1.97440438,-5.61095721,-11.01799928,5.77842981,0.0000014,0,15.92765201,-5.33391625,-7.16114822,-65.30950564,-0.2329866,0.0000115,0,-22.76539581,1.93257945,-0.34690486
0.98333333,6.1210861,0.11635136,1.33038193,0.59592364,1.0458746,0.04503109,-3.75017939,1.85006679,-5.2164406,-9.86628378,6.05491199,0.00000144,0,16.95521144,-4.62675533,-7.13777698,-62.35820848,0.37589913,0.00001156,0,-22.88524047,1.4782901,-0.01643172
1,6.16673496,0.32206722,1.06976979,0.59325284,1.04615837,0.04602888,-5.10267921,1.72903021,-4.93262659,-9.25228218,6.49966862,0.0000013,0,18.00351876,-4.02461155,-7.14593411,-58.8095141,0.84508066,0.00001088,0,-23.22966725,1.07862255,0.39477235
1.01666667,6.18292523,0.34599827,0.81482293,0.59124849,1.04598025,0.04702142,-6.50201513,1.80041966,-4.70867998,-8.55091879,6.91194418,0.00000125,0,18.75853078,-3.745623,-7.35018859,-54.62372646,1.23547979,0.00000956,0,-23.34514953,0.87086419,0.72403485
1.03333333,6.14973696,0.20220791,0.64722682,0.58915207,1.0453403,0.04810014,-7.91382892,2.06640445,-4.58939916,-7.7190728,7.25240122,0.00000123,0,19.36592892,-3.80401239,-7.83758654,-49.9368744,1.31262929,0.0000082,0,-23.44350604,0.88029439,1.02568354
1.05,6.2283168,-0.06652086,0.52636853,0.58705715,1.04456075,0.04870858,-9.40372663,2.42984175,-4.48348081,-6.98600587,7.59819061,0.00000119,0,19.60972114,-4.01404369,-8.55109787,-44.73956501,1.09278942,0.00000657,0,-23.70997781,1.03406914,1.16678609
1.06666667,6.04074911,-0.61395537,0.23918021,0.58481861,1.04277281,0.04948577,-10.53727877,3.03658121,-4.12699643,-6.36723201,7.95686332,0.00000111,0,19.99024804,-4.54854261,-9.49980658,-39.31670593,0.69967152,0.00000512,0,-23.50504129,1.46832356,1.68373696
1.08333333,5.86383085,-0.93566677,0.00274771,0.58296202,1.04076955,0.04966341,-11.73503993,3.35293667,-3.70729864,-5.73701727,8.37436768,0.00000101,0,20.06766608,-4.68170842,-10.44906538,-33.44998702,0.05308604,0.00000388,0,-23.4837932,1.58549033,1.85430114
1.1,5.65875617,-1.43759029,-0.25892918,0.58155552,1.03829664,0.05008014,-13.01155027,3.85166738,-3.19732869,-4.97017195,8.69373431,0.00000118,0,20.13721916,-4.89804098,-11.06634384,-27.72703756,-0.50832982,0.00000349,0,-23.28903886,1.94475501,2.25757183
1.11666667,5.41515587,-1.8371745,-0.50450332,0.58020154,1.03552148,0.05022021,-14.13490241,4.21418688,-2.60480801,-4.48316858,9.17153051,0.00000111,0,20.06494228,-4.81753984,-11.02641548,-21.8700619,-0.9890677,0.00000332,0,-23.12608525,2.22373263,2.349506
1.13333333,5.25856074,-2.32336458,-0.98336015,0.57861845,1.0325331,0.05011205,-15.24415022,4.54987456,-1.75370685,-4.20373306,9.71064382,0.00000111,0,19.86045402,-4.82652162,-10.39858889,-16.33800569,-1.20004962,0.00000341,0,-23.0975865,2.43970131,2.89131753
1.15,5.32616879,-2.73555124,-1.25244189,0.57784706,1.02972915,0.04957268,-16.64434039,4.82119263,-1.10708802,-3.90564309,10.20846776,0.00000114,0,19.19741833,-4.70299981,-8.95902984,-10.94132828,-1.25807381,0.00000338,0,-23.20730362,2.7286292,3.23198925
1.16666667,5.31994461,-3.03178977,-1.61947907,0.57753095,1.02651905,0.04938111,-18.05222688,4.94372738,-0.53986851,-3.5033479,10.64502663,0.00000114,0,18.68556804,-4.65004806,-7.37811273,-6.5260679,-1.00701637,0.00000334,0,-23.3334109,2.70233089,3.1890131
1.18333333,5.47983606,-3.35225714,-2.18256257,0.57706485,1.0237051,0.04897327,-19.40714169,4.94866677,0.16273883,-3.54890872,11.14001127,0.00000116,0,18.09015948,-4.77638507,-6.08424487,-3.24930922,-0.60034292,0.0000033,0,-23.47890525,2.7205165,3.82995373
1.2,5.41982173,-3.45773691,-2.45453649,0.5774246,1.02071558,0.04848116,-20.60143193,4.83720986,0.49921446,-3.49933767,11.48611362,0.0000014,0,17.90238886,-4.68881183,-4.92067857,-1.28106629,-0.22723685,0.00000326,0,-23.41969929,2.50604504,3.5409208
1.21666667,5.58591971,-3.5583117,-2.70643894,0.57704818,1.01854527,0.04769643,-21.63115903,4.67998659,0.85325592,-4.15413036,11.92108129,0.00000155,0,17.91373185,-4.62339416,-4.10985697,-1.13346857,0.1182832,0.00000333,0,-23.68683885,2.23502685,3.63709144
1.23333333,5.6954215,-3.49468041,-3.03070825,0.57741358,1.0167378,0.04666819,-22.50314668,4.30284072,1.26527554,-5.01399583,12.28674551,0.0000019,0,18.08186825,-4.40251292,-3.7068392,-2.21418139,0.15697808,0.00000345,0,-23.71991808,1.78338266,3.55111381
1.25,5.62437432,-3.36496517,-3.6186228,0.57889368,1.0153238,0.04502845,-23.01185098,3.70746565,1.86003953,-6.30126631,12.54939972,0.00000236,0,18.42643052,-4.15898378,-3.74298369,-4.194403,-0.2042098,0.00000353,0,-23.49198809,1.32650158,3.68796373
1.26666667,5.51179859,-3.13750408,-3.63414762,0.58110228,1.01405257,0.04312872,-23.31497532,3.26928695,1.90384024,-7.94829797,12.71111364,0.00000286,0,19.01945735,-3.69717409,-3.45877263,-6.90678759,-0.95277884,0.00000387,0,-23.06426155,0.83488139,3.44490667
1.28333333,5.32776912,-3.34112498,-3.79832019,0.58212231,1.01320283,0.0417642,-23.07429693,3.251812,2.14525881,-10.39075609,12.67314284,0.0000034,0,19.60967377,-3.79462425,-3.37234485,-9.5792713,-2.07553985,0.00000408,0,-22.87561768,0.62844287,3.35139923
1.3,5.25065328,-3.23853833,-4.00004481,0.58473828,1.01310738,0.04016773,-22.98558608,2.86875914,2.20863763,-12.78768333,12.13619093,0.00000416,0,19.96072894,-3.61825059,-3.57737172,-12.30108233,-2.95289745,0.0000044,0,-22.53017949,0.01524675,3.18275268
1.31666667,5.43721649,-3.0537681,-4.16526694,0.58788579,1.01397219,0.03834863,-22.62864279,2.39435534,2.13982126,-16.19866287,11.31018605,0.00000496,0,19.8253366,-3.35909209,-3.90892062,-14.75707884,-3.52776154,0.00000488,0,-22.43732505,-0.61302966,2.81983058
1.33333333,5.67078361,-2.89293189,-4.18885582,0.59119022,1.0153586,0.03630205,-21.77339923,1.96808116,1.66004293,-20.52017066,9.94229218,0.00000597,0,19.47867241,-3.09263164,-4.11141879,-16.99313513,-3.66316362,0.00000514,0,-22.32410615,-1.17801842,2.54719744
1.35,6.14368725,-2.63780468,-4.09625839,0.59463631,1.01753858,0.03372217,-20.58820284,1.35330854,0.60892188,-25.67103838,7.72062754,0.00000713,0,18.61154502,-2.66224574,-4.23888573,-18.80776247,-3.43709123,0.00000529,0,-22.43185676,-1.73715395,2.12285811
1.36666667,6.45460006,-2.30280778,-3.89345998,0.59775605,1.01967615,0.03040435,-18.57513679,0.47125302,-1.0975897,-31.63766911,4.49884947,0.0000082,0,17.65646269,-2.09358062,-4.30967243,-20.1137207,-2.96396132,0.00000561,0,-22.42913089,-2.24793594,1.5762188
1.38333333,6.59905523,-1.8707627,-3.77469424,0.60017493,1.02164975,0.02676795,-15.84374782,-0.85378483,-3.16693996,-38.02472752,0.37843183,0.00000888,0,16.64886468,-1.42273889,-4.44817416,-20.9616944,-2.25755935,0.00000589,0,-22.36449198,-2.77560985,1.18569273
1.4,6.69314015,-1.36902658,-3.66343303,0.60184162,1.02360423,0.02319713,-12.84535395,-2.51242185,-5.2855733,-44.17735,-4.09822002,0.00000823,0,15.55028539,-0.65523193,-4.53236692,-21.47714542,-1.36412076,0.00000604,0,-22.21855835,-3.31456224,0.53714346
1.41666667,6.93512853,-0.82148918,-3.62447102,0.60321252,1.0262578,0.01940797,-10.07155995,-4.38126622,-7.06023232,-49.60389898,-7.95449979,0.00000667,0,13.93236288,0.22562969,-4.63858283,-21.26981702,-0.50770362,0.00000594,0,-22.36692719,-3.84490797,0.00238403
1.43333333,7.0944935,-0.19818651,-3.849022,0.60307508,1.02864447,0.01600767,-7.03999353,-6.24017227,-7.93326319,-54.7300999,-9.96340978,0.00000443,0,12.35036175,1.1503638,-4.93002297,-20.79436573,0.28087706,0.00000572,0,-22.48294079,-4.44428283,-0.30261758
1.45,7.3238958,0.21555804,-4.07662949,0.60265334,1.0314792,0.01265908,-4.22314819,-7.58925303,-8.15293448,-59.09680243,-9.99476766,0.00000204,0,10.61742509,1.89495652,-5.12942809,-20.15658348,1.03239698,0.00000553,0,-22.58526967,-4.74675044,-0.51799279
1.46666667,7.37890673,0.09006834,-3.57196313,0.60314227,1.03489265,0.00912236,-1.79339211,-7.92113788,-8.70125427,-62.26180328,-8.64531509,-0.00000005,0,8.9364466,2.14736082,-4.50096184,-19.37321763,1.74565416,0.00000553,0,-22.56415781,-4.26299211,-1.42940453
1.48333333,7.61780522,0.01171191,-3.37067631,0.60228514,1.03840494,0.00645566,0.60322115,-8.06162957,-8.66122523,-64.95009009,-6.53612188,-0.0000013,0,6.937093,2.36978525,-4.13452176,-18.19078832,2.22443705,0.00000537,0,-22.74749019,-3.93911197,-2.0224174
1.5,7.5697354,-0.23279043,-2.88722475,0.60118574,1.0411826,0.00375506,3.11597617,-7.7767356,-8.75778146,-66.80587513,-4.37573537,-0.00000199,0,5.41201606,2.38713938,-3.44213499,-17.3061225,2.79425371,0.00000531,0,-22.76373519,-3.38935495,-2.76489961
1.51666667,7.62372553,-0.57006558,-2.28111947,0.59990008,1.04390163,0.00132878,5.3367824,-7.28697491,-9.00929126,-67.78387815,-2.55104477,-0.00000196,0,3.64035653,2.26791746,-2.63345873,-16.10425989,3.22789802,0.00000512,0,-22.83934622,-2.67088361,-3.43205534
1.53333333,7.68451545,-0.88722166,-1.76999756,0.59873129,1.04628978,-0.00096688,7.41347386,-6.68413451,-9.07313416,-67.9430355,-1.17753884,-0.00000169,0,1.77073542,2.13324761,-1.93510333,-14.72554228,3.58702349,0.00000488,0,-22.93222392,-2.01968667,-4.26136986
1.55,7.49952879,-0.99188562,-1.42444153,0.59639572,1.04741608,-0.00282286,9.83103361,-6.26006961,-8.99037195,-67.60813513,-0.18814399,-0.00000086,0,0.40993572,2.16306611,-1.49029578,-13.68982692,4.00829237,0.00000484,0,-22.87260295,-1.6943425,-4.68077657
1.56666667,7.55874147,-1.4038343,-0.65242317,0.59511155,1.04888963,-0.00478202,11.44207396,-5.5146556,-9.44501245,-66.10465656,0.40522342,-0.00000007,0,-1.33481746,1.81517325,-0.59064829,-12.51223999,4.46044091,0.00000464,0,-22.97473566,-0.92362608,-5.3848462
1.58333333,7.52208609,-1.64083004,-0.23704513,0.59316185,1.04951403,-0.00619069,13.15554105,-4.93733116,-9.58194811,-64.0565079,0.79502904,0.00000085,0,-2.83359207,1.61709756,-0.06846238,-11.55826812,4.97775105,0.00000473,0,-23.0352904,-0.45477671,-5.8332948
1.6,7.57254989,-1.87145779,-0.00349674,0.59210642,1.04994626,-0.00732454,14.47269243,-4.33577216,-9.59344983,-61.19995758,1.06176328,0.00000145,0,-4.66908078,1.41172227,0.32531789,-10.22284276,5.38740168,0.00000458,0,-23.1332625,-0.00319238,-5.99934628
1.61666667,7.53135217,-1.84054297,0.33219231,0.58932506,1.04954183,-0.00847613,15.76145288,-4.12588689,-9.82355665,-57.76708409,1.3212836,0.0000017,0,-6.14561639,1.45093398,0.87637287,-9.16564469,5.763855,0.00000436,0,-23.36940087,0.12868055,-6.18596154
1.63333333,7.24186797,-1.90472929,0.45881843,0.58740161,1.04811727,-0.00927148,17.00121656,-3.8589665,-10.14305255,-53.63022365,1.5411639,0.00000158,0,-7.3040159,1.40393921,1.14226271,-8.36958681,6.39919552,0.00000431,0,-23.09258646,0.34703389,-6.32590006
1.65,7.13567266,-1.62648029,0.38206781,0.58513626,1.04646716,-0.01002814,17.80671064,-3.96496718,-10.41405194,-48.85599294,1.69824148,0.00000096,0,-8.74795361,1.75525973,1.18904684,-7.35419993,6.8545442,0.00000418,0,-23.12613164,0.19759904,-6.354439
1.66666667,7.21552203,-1.51617751,0.443236,0.58377224,1.04483206,-0.01032911,17.90042064,-3.91282745,-11.22173925,-43.21691588,1.63322671,0.00000024,0,-10.48830224,1.85358612,1.32451527,-6.25170129,7.35281168,0.00000414,0,-23.34368389,0.19583638,-6.3440824
1.68333333,7.09906981,-1.07238228,0.3472001,0.58200643,1.04196921,-0.01078775,18.16419059,-4.13494551,-11.85605042,-37.37565211,1.41970397,-0.00000033,0,-11.80712343,2.34905283,1.43502028,-5.57832804,8.07074855,0.0000042,0,-23.36235086,-0.15652416,-6.4034909
1.7,6.90601209,-0.71528606,0.30423142,0.58120443,1.03871346,-0.0107589,18.1154448,-4.0898991,-12.47845427,-30.94706281,1.0902533,-0.00000055,0,-13.18216256,2.70103609,1.58853996,-4.75459472,8.76547806,0.00000418,0,-23.16648772,-0.42773577,-6.51869258
1.71666667,7.17227607,-0.14181136,0.21659199,0.58004761,1.03586571,-0.01051829,17.44610178,-4.08455607,-12.51323998,-24.31534169,0.6835204,-0.00000022,0,-15.01287153,3.29681677,1.74220964,-3.97288342,9.36040265,0.00000403,0,-23.58779266,-0.98779051,-6.55887001
1.73333333,7.17232498,0.4627119,0.12213629,0.57917279,1.03202653,-0.01036322,16.99056419,-4.03517785,-11.84014207,-17.80331634,0.388338,0.00000027,0,-16.60194199,3.9499611,1.94847074,-3.15856726,9.98867559,0.00000369,0,-23.68572065,-1.50967658,-6.53919435
1.75,7.19644875,1.11329629,0.05506818,0.57903824,1.02796853,-0.00998288,16.42788845,-4.0659785,-10.48340564,-11.66752768,0.29441699,0.00000084,0,-18.22689923,4.61306195,2.26301618,-2.42579473,10.59885424,0.0000034,0,-23.6572872,-2.04470984,-6.90767952
1.76666667,7.30770062,1.71129175,0.08341098,0.57923263,1.02390131,-0.00936786,15.78181893,-4.17616666,-8.75875241,-6.31270341,0.46441112,0.00000126,0,-19.89388077,5.13113539,2.71514526,-1.84505934,11.20091164,0.00000336,0,-23.75420889,-2.50730075,-7.18583167
1.78333333,7.41068655,2.14443901,0.30478885,0.57989633,1.0199102,-0.00895192,15.17338121,-4.31864729,-7.10761767,-2.0030819,0.90718605,0.00000143,0,-21.59871563,5.3697793,3.39488715,-1.22765104,11.70603827,0.00000327,0,-23.74513087,-2.67800085,-7.69015268
1.8,7.45030665,2.49482662,0.43932165,0.58038105,1.01617798,-0.00827036,14.8557439,-4.45799013,-5.56445246,0.93331614,1.3741775,0.00000143,0,-22.95449712,5.52560857,3.96547539,-1.1508171,12.3018665,0.00000343,0,-23.71007119,-2.7994241,-8.0202809
1.81666667,7.55144478,2.79996407,0.73750725,0.58076892,1.01323349,-0.00762947,14.76188469,-4.64220043,-4.57361397,2.1623875,1.78771796,0.00000146,0,-24.04974012,5.55691381,4.63230762,-1.70885615,12.95459014,0.00000397,0,-23.86451946,-2.82789867,-8.3496711
1.83333333,7.703133,2.67103915,1.16398657,0.5814581,1.01103261,-0.00694471,14.71173499,-4.39053802,-4.26404024,2.03973742,1.71798608,0.00000143,0,-25.09654028,5.08732555,5.25872878,-2.46392658,13.54779246,0.0000043,0,-23.99613789,-2.2361837,-8.7212973
1.85,7.70492391,2.45430932,1.33621463,0.58300248,1.00928757,-0.00519988,15.1994539,-3.94562168,-4.01116208,0.23176645,1.40380911,0.00000128,0,-25.80672802,4.60785586,5.49308466,-3.61892893,14.01558954,0.0000049,0,-23.90479581,-1.84001852,-8.72425666
1.86666667,7.81189471,2.1081128,1.46176801,0.58441825,1.00818056,-0.00333248,15.7048883,-3.35410515,-4.02205125,-2.43747037,0.53335065,0.00000118,0,-26.34539409,4.04692225,5.53122465,-5.28845497,14.39366125,0.00000561,0,-23.97402954,-1.09229812,-8.72209734
1.88333333,7.60654974,1.8322156,1.86749188,0.58728966,1.00731045,-0.00189473,16.33946194,-2.95687012,-4.40826644,-5.29234476,-0.62084825,0.00000097,0,-26.5407942,3.45339393,5.770212,-7.05063031,14.3668756,0.0000063,0,-23.48925374,-0.40259432,-8.96893901
1.9,7.37025607,1.60519176,2.17062907,0.5906028,1.0069297,0.00010293,16.91920635,-2.61817177,-4.67491812,-8.16038757,-1.81615835,0.00000072,0,-26.41962789,2.95223039,5.89778229,-9.34513797,14.10241839,0.00000717,0,-22.92579448,0.20810058,-8.91049605
1.91666667,7.47948739,1.39652695,2.5078178,0.59392503,1.00779295,0.00198779,17.17998745,-2.37135012,-4.97664793,-11.31305761,-2.55178989,0.00000068,0,-26.28370607,2.4707284,6.02917404,-12.26624957,13.49830443,0.00000826,0,-22.79347537,0.9141066,-9.06544439
1.93333333,7.53054474,1.23109018,2.66305265,0.59816716,1.00911811,0.00387815,17.35238125,-2.16909547,-4.97656838,-14.37023874,-2.76715839,0.0000006,0,-25.64163382,2.16456937,5.90877275,-16.01616282,12.50473838,0.0000097,0,-22.45013821,1.44492302,-8.80219784
1.95,7.84058236,1.00147806,3.06691765,0.60195948,1.01119669,0.00564857,16.97208094,-1.945149,-5.15982077,-16.98465856,-2.67791589,0.00000046,0,-24.48433068,1.70107515,5.75883787,-21.04870016,11.14312333,0.00001166,0,-22.49976028,2.15315028,-8.91648506
1.96666667,7.82240965,1.16317725,3.42717457,0.60446009,1.01282884,0.00756659,16.78688723,-2.12359103,-5.26419541,-19.2482294,-2.30398416,0.00000068,0,-22.03351755,1.64164033,5.25988781,-27.4742086,9.00707268,0.00001422,0,-22.31693303,2.35536377,-8.96731104
1.98333333,7.77768018,0.98091261,3.70011559,0.60683832,1.01441326,0.00987678,16.31371301,-1.8797632,-5.48849853,-20.87655089,-1.6987239,0.00000091,0,-18.96679067,1.09506743,4.01417995,-34.49952498,5.73930495,0.00001691,0,-22.16233222,2.78975915,-8.9458726
2,7.57765292,0.78733691,3.80450649,0.60833085,1.01571037,0.01243862,15.90997163,-1.54548282,-5.61725075,-22.23214542,-0.74488641,0.00000123,0,-15.30975714,0.31710434,2.16778141,-41.58396758,1.26406055,0.00001906,0,-21.79798207,3.1256489,-8.66967744
2.01666667,7.24748463,0.18573494,3.75420994,0.60875757,1.01678951,0.01570095,15.37443213,-0.67955068,-5.7664895,-22.83626422,0.20619782,0.0000013,0,-11.2605023,-1.23738921,-0.1800064,-48.36265037,-3.69444713,0.00002008,0,-21.44356035,3.78856073,-7.9090982
2.03333333,7.02675852,-0.54253795,4.03052886,0.60954502,1.01858,0.01905819,14.3453763,0.33707913,-6.22665554,-22.78931745,1.23265559,0.00000133,0,-7.49841301,-3.30358871,-2.12532203,-54.16065774,-8.13794852,0.0000199,0,-21.01222426,4.46841917,-7.50089484
2.05,6.95350811,-1.2135078,3.94136467,0.60931202,1.02090294,0.02267325,13.03777073,1.40456139,-6.33792576,-22.30318428,2.10697514,0.00000136,0,-4.11132251,-5.19965042,-3.81703048,-59.10643599,-10.73977362,0.00001833,0,-20.95697087,4.97378282,-6.65868205
2.06666667,7.12929062,-1.70473434,3.97938925,0.609001,1.02392099,0.02611746,11.38212411,2.2962281,-6.39877065,-21.68965047,2.97400595,0.00000119,0,-1.10856128,-6.70211189,-4.70185324,-63.36343161,-11.09083217,0.00001646,0,-21.10216773,5.20045789,-6.06203635
2.08333333,7.09627322,-1.86285224,3.73309598,0.60818137,1.02714696,0.02898058,9.79732291,2.80399829,-6.10229416,-20.7245223,3.60488683,0.0000013,0,1.86410892,-7.43187585,-5.32910156,-66.72564912,-9.57444277,0.0000145,0,-21.21211792,5.09892198,-5.09739287
2.1,7.14263324,-1.9223354,3.52878422,0.6078245,1.030712,0.03174007,7.93994052,3.20035198,-5.81406996,-19.46117127,4.08539411,0.00000143,0,4.55074703,-7.73814921,-5.48966809,-69.15561902,-7.21243242,0.00001296,0,-21.25700338,4.8174148,-4.46555193
2.11666667,7.3713166,-1.81237908,3.08505917,0.60685575,1.03456709,0.03473185,5.70720811,3.44413136,-5.22903058,-17.73475285,4.27753512,0.00000153,0,6.84596526,-7.76970456,-5.84397872,-70.61452011,-5.06017214,0.00001228,0,-21.45966641,4.29145224,-3.43498543
2.13333333,7.38019333,-1.66692595,2.69811088,0.60565743,1.03768166,0.03730785,3.79089307,3.56887255,-4.70161904,-16.15601379,4.49958772,0.00000154,0,9.24986958,-7.476728,-5.85091764,-71.23761482,-3.34520517,0.00001192,0,-21.58075291,3.72976541,-2.67080578
2.15,7.32147804,-1.53683166,2.29165201,0.60446795,1.04023988,0.03950738,1.95740606,3.65879656,-4.13891646,-14.57920793,4.70481799,0.0000015,0,11.52948661,-7.07863124,-5.82215745,-71.03249998,-2.14004922,0.00001201,0,-21.45797139,3.25368796,-2.13669464
2.16666667,7.20148177,-1.37761229,1.68854589,0.60240725,1.04213766,0.0417281,0.34757916,3.66692094,-3.38095065,-13.19087763,4.89065721,0.00000155,0,13.69193057,-6.65849407,-6.03821428,-70.07136313,-1.29939383,0.00001229,0,-21.4514193,2.7175105,-1.22309813
2.18333333,7.29116124,-1.11399984,1.27810554,0.60082191,1.04397275,0.04328011,-1.44376642,3.51124998,-2.84967811,-11.97884402,5.19099817,0.00000165,0,15.34434318,-6.01174572,-6.07859559,-68.24043272,-0.61278379,0.00001229,0,-21.62647512,2.1655287,-0.7822815
2.2,7.01944333,-1.1181473,0.81184462,0.59835171,1.04432673,0.04492424,-2.63546491,3.6115961,-2.28557127,-11.04032043,5.57451013,0.00000168,0,17.32233298,-5.69887586,-6.12302496,-65.92491692,0.00686215,0.00001215,0,-21.50336619,1.89160298,-0.22256106
2.21666667,7.08088343,-0.94645243,0.39201735,0.59682025,1.04498226,0.0462509,-4.34900119,3.4986554,-1.76357639,-9.90902071,5.97541739,0.00000159,0,18.4662093,-5.25298512,-6.29531546,-62.60955266,0.48782705,0.00001175,0,-21.60279411,1.4162295,0.17562287
2.23333333,6.9586462,-0.94078179,0.12919597,0.59450715,1.04466318,0.04743775,-5.74980338,3.56036347,-1.39002281,-8.92858509,6.43811683,0.00000157,0,19.6414948,-5.0459937,-6.41089641,-58.65738714,0.76725071,0.00001091,0,-21.6447298,1.14030186,0.49117624
2.25,6.81701887,-1.17530988,-0.01080668,0.59272273,1.04372402,0.04848471,-7.14623282,3.88183519,-1.09260781,-8.00307624,6.92923952,0.00000152,0,20.51881655,-5.14266318,-6.5152519,-54.0401342,0.94163829,0.00000968,0,-21.56802626,1.20213025,0.78211771
2.26666667,6.84853705,-1.30051387,-0.2737317,0.59086338,1.04266007,0.04918364,-8.64016656,4.02839671,-0.66758348,-7.27777611,7.545216,0.00000148,0,20.82574208,-5.22249135,-7.06784584,-48.67824528,0.83852788,0.00000831,0,-21.73400145,1.10484701,1.09909685
2.28333333,6.61111144,-1.66038603,-0.5472144,0.58884706,1.04051362,0.05000577,-9.7320554,4.41577801,-0.20061692,-6.78570196,8.24964477,0.00000137,0,21.19620194,-5.57138012,-7.74801228,-42.89408869,0.57546234,0.00000684,0,-21.5754468,1.28751541,1.17604127
2.3,6.6078975,-2.04118464,-0.61336117,0.58751524,1.03833816,0.05043121,-11.17659734,4.8335626,0.06497295,-6.18496219,8.89062959,0.00000127,0,21.05715414,-5.79722136,-8.32615823,-36.71587082,0.13365332,0.0000056,0,-21.73238153,1.50779577,1.35036384
2.31666667,6.44887375,-2.36245606,-1.37837494,0.58685978,1.0357054,0.05074212,-12.59515145,4.95950606,1.09074955,-5.36530528,9.45036081,0.00000117,0,20.66412632,-6.02192629,-9.49488642,-30.2263801,-0.3009399,0.00000464,0,-21.51255335,1.54572836,2.27338837
2.33333333,6.17378425,-2.76445426,-1.45808482,0.58596804,1.0322196,0.05075628,-13.73450878,5.33769918,1.48981758,-4.88157764,10.19592742,0.00000115,0,20.52963442,-6.01165111,-9.58510522,-23.91116781,-0.74992218,0.00000416,0,-21.21845409,1.86241993,2.38236594
2.35,6.11204037,-3.18134938,-1.76824002,0.58527088,1.0290358,0.05074756,-15.22475693,5.62848537,2.13400922,-4.156158,10.71490912,0.00000121,0,19.91637278,-5.9856226,-9.35014729,-17.5772308,-1.05910106,0.00000393,0,-21.24436906,2.1128989,2.6559744
2.36666667,6.1387368,-3.64401672,-2.12061454,0.584756,1.02575175,0.05033299,-16.81874675,5.89089052,2.90868034,-3.45304177,11.16738834,0.00000114,0,19.22545855,-6.02341637,-8.58609586,-11.87191942,-1.07768173,0.00000379,0,-21.42927691,2.32410648,2.7450707
2.38333333,6.11887074,-3.91807656,-2.51475971,0.58480305,1.02226992,0.0498081,-18.2802381,5.91865397,3.60526084,-3.00064201,11.7315656,0.00000115,0,18.51406212,-5.96947879,-7.4893531,-6.8864148,-0.91562697,0.00000344,0,-21.3458757,2.4373187,2.7761509
2.4,6.34111812,-4.28711403,-2.82244676,0.58492482,1.01922394,0.04910638,-20.05422142,6.01435825,4.21958169,-2.44103347,12.07116679,0.00000118,0,17.68313208,-6.14162899,-6.03138753,-3.13209483,-0.54892277,0.00000321,0,-21.60081412,2.53772177,3.24513671
2.41666667,6.70212078,-4.36800534,-3.18150756,0.58577603,1.0166341,0.04850578,-21.74026675,5.79271511,4.64110485,-2.44606442,12.66251769,0.00000128,0,16.74073793,-6.19477115,-4.53357878,-0.64524937,-0.17546361,0.00000313,0,-21.94407918,2.31832797,3.56984779
2.43333333,6.70128851,-4.65220937,-3.21327542,0.58501515,1.01344931,0.04791426,-22.80710095,5.95399526,4.83038898,-2.71750855,13.20606893,0.00000138,0,16.88522146,-6.51340386,-2.55024032,-0.29533497,0.1424986,0.00000335,0,-22.04127795,2.29361088,3.48589276
2.45,6.7562034,-4.59902759,-3.40109815,0.5853221,1.0114587,0.04672623,-23.67181744,5.67366501,4.98256687,-3.55751348,13.73416623,0.00000169,0,17.06694995,-6.38536403,-1.33034247,-1.28160309,-0.08162477,0.00000347,0,-22.19475135,1.91771992,3.54510894
2.46666667,6.64329571,-4.09698393,-3.72333259,0.58559863,1.01009977,0.04503226,-23.98458368,4.8901088,5.07526323,-5.04845952,14.33147146,0.00000202,0,17.67565285,-5.62054495,-1.35533801,-3.46843038,-1.0645976,0.00000352,0,-22.0636979,1.06395372,3.65712227
2.48333333,6.21139355,-3.85266145,-3.7452051,0.58712455,1.00919518,0.04256562,-23.97473278,4.4604534,5.00084189,-6.56963918,14.41247402,0.00000241,0,18.78825018,-4.94992596,-1.78360145,-6.43391145,-2.38499852,0.00000374,0,-21.65350727,0.7129325,3.32387548
2.5,5.84005182,-3.37146524,-4.00644954,0.58880268,1.0087616,0.04022346,-23.78481872,3.69050495,5.04821655,-8.51998989,14.40542118,0.00000292,0,19.75197391,-4.17552722,-2.89026773,-9.53975068,-3.76917192,0.00000394,0,-21.09496311,-0.08465767,3.27754964
